product,traffic,basedate
game-comm.net,946000,2022-10-01
weather-info.co.kr,143000,2022-10-01
style-share.ai,327000,2022-10-01
dev-stack.io,650000,2022-10-01
donate.org,553000,2022-10-01
my-sns.com,981000,2022-10-01
my-shopping.com,848000,2022-10-01
style-share.ai,285000,2022-10-01
game-comm.net,520000,2022-10-02
weather-info.co.kr,487000,2022-10-02
style-share.ai,175000,2022-10-02
dev-stack.io,685000,2022-10-02
donate.org,521000,2022-10-02
my-sns.com,771000,2022-10-02
my-shopping.com,1885000,2022-10-02
style-share.ai,816000,2022-10-02
game-comm.net,923000,2022-10-03
weather-info.co.kr,660000,2022-10-03
style-share.ai,723000,2022-10-03
dev-stack.io,418000,2022-10-03
donate.org,748000,2022-10-03
my-sns.com,901000,2022-10-03
my-shopping.com,451000,2022-10-03
style-share.ai,1644000,2022-10-03
game-comm.net,437000,2022-10-04
weather-info.co.kr,429000,2022-10-04
style-share.ai,871000,2022-10-04
dev-stack.io,106000,2022-10-04
donate.org,189000,2022-10-04
my-sns.com,196000,2022-10-04
my-shopping.com,118000,2022-10-04
style-share.ai,390000,2022-10-04
game-comm.net,802000,2022-10-05
weather-info.co.kr,386000,2022-10-05
style-share.ai,402000,2022-10-05
dev-stack.io,662000,2022-10-05
donate.org,720000,2022-10-05
my-sns.com,265000,2022-10-05
my-shopping.com,901000,2022-10-05
style-share.ai,743000,2022-10-05
game-comm.net,158000,2022-10-06
weather-info.co.kr,842000,2022-10-06
style-share.ai,613000,2022-10-06
dev-stack.io,233000,2022-10-06
donate.org,254000,2022-10-06
my-sns.com,292000,2022-10-06
my-shopping.com,298000,2022-10-06
style-share.ai,171000,2022-10-06
game-comm.net,989000,2022-10-07
weather-info.co.kr,1793000,2022-10-07
style-share.ai,185000,2022-10-07
dev-stack.io,197000,2022-10-07
donate.org,278000,2022-10-07
my-sns.com,145000,2022-10-07
my-shopping.com,287000,2022-10-07
style-share.ai,936000,2022-10-07
game-comm.net,571000,2022-10-08
weather-info.co.kr,539000,2022-10-08
style-share.ai,258000,2022-10-08
dev-stack.io,542000,2022-10-08
donate.org,295000,2022-10-08
my-sns.com,598000,2022-10-08
my-shopping.com,930000,2022-10-08
style-share.ai,827000,2022-10-08
game-comm.net,1303000,2022-10-09
weather-info.co.kr,671000,2022-10-09
style-share.ai,123000,2022-10-09
dev-stack.io,519000,2022-10-09
donate.org,119000,2022-10-09
my-sns.com,88000,2022-10-09
my-shopping.com,557000,2022-10-09
style-share.ai,968000,2022-10-09
game-comm.net,972000,2022-10-10
weather-info.co.kr,454000,2022-10-10
style-share.ai,576000,2022-10-10
dev-stack.io,490000,2022-10-10
donate.org,625000,2022-10-10
my-sns.com,748000,2022-10-10
my-shopping.com,178000,2022-10-10
style-share.ai,794000,2022-10-10
game-comm.net,916000,2022-10-11
weather-info.co.kr,909000,2022-10-11
style-share.ai,326000,2022-10-11
dev-stack.io,194000,2022-10-11
donate.org,584000,2022-10-11
my-sns.com,646000,2022-10-11
my-shopping.com,336000,2022-10-11
style-share.ai,740000,2022-10-11
game-comm.net,157000,2022-10-12
weather-info.co.kr,450000,2022-10-12
style-share.ai,924000,2022-10-12
dev-stack.io,847000,2022-10-12
donate.org,118000,2022-10-12
my-sns.com,330000,2022-10-12
my-shopping.com,140000,2022-10-12
style-share.ai,637000,2022-10-12
game-comm.net,517000,2022-10-13
weather-info.co.kr,625000,2022-10-13
style-share.ai,1806000,2022-10-13
dev-stack.io,482000,2022-10-13
donate.org,156000,2022-10-13
my-sns.com,840000,2022-10-13
my-shopping.com,607000,2022-10-13
style-share.ai,957000,2022-10-13
game-comm.net,943000,2022-10-14
weather-info.co.kr,834000,2022-10-14
style-share.ai,730000,2022-10-14
dev-stack.io,1551000,2022-10-14
donate.org,269000,2022-10-14
my-sns.com,467000,2022-10-14
my-shopping.com,452000,2022-10-14
style-share.ai,816000,2022-10-14
game-comm.net,198000,2022-10-15
weather-info.co.kr,978000,2022-10-15
style-share.ai,232000,2022-10-15
dev-stack.io,540000,2022-10-15
donate.org,114000,2022-10-15
my-sns.com,412000,2022-10-15
my-shopping.com,934000,2022-10-15
style-share.ai,534000,2022-10-15
game-comm.net,164000,2022-10-16
weather-info.co.kr,151000,2022-10-16
style-share.ai,1972000,2022-10-16
dev-stack.io,522000,2022-10-16
donate.org,218000,2022-10-16
my-sns.com,287000,2022-10-16
my-shopping.com,288000,2022-10-16
style-share.ai,973000,2022-10-16
game-comm.net,1277000,2022-10-17
weather-info.co.kr,629000,2022-10-17
style-share.ai,810000,2022-10-17
dev-stack.io,749000,2022-10-17
donate.org,578000,2022-10-17
my-sns.com,397000,2022-10-17
my-shopping.com,114000,2022-10-17
style-share.ai,464000,2022-10-17
game-comm.net,1389000,2022-10-18
weather-info.co.kr,424000,2022-10-18
style-share.ai,476000,2022-10-18
dev-stack.io,141000,2022-10-18
donate.org,194000,2022-10-18
my-sns.com,166000,2022-10-18
my-shopping.com,259000,2022-10-18
style-share.ai,533000,2022-10-18
game-comm.net,454000,2022-10-19
weather-info.co.kr,700000,2022-10-19
style-share.ai,395000,2022-10-19
dev-stack.io,860000,2022-10-19
donate.org,1182000,2022-10-19
my-sns.com,655000,2022-10-19
my-shopping.com,535000,2022-10-19
style-share.ai,495000,2022-10-19
game-comm.net,542000,2022-10-20
weather-info.co.kr,647000,2022-10-20
style-share.ai,895000,2022-10-20
dev-stack.io,796000,2022-10-20
donate.org,1792000,2022-10-20
my-sns.com,1455000,2022-10-20
my-shopping.com,736000,2022-10-20
style-share.ai,807000,2022-10-20
game-comm.net,74000,2022-10-21
weather-info.co.kr,232000,2022-10-21
style-share.ai,175000,2022-10-21
dev-stack.io,791000,2022-10-21
donate.org,125000,2022-10-21
my-sns.com,349000,2022-10-21
my-shopping.com,284000,2022-10-21
style-share.ai,1735000,2022-10-21
game-comm.net,271000,2022-10-22
weather-info.co.kr,833000,2022-10-22
style-share.ai,241000,2022-10-22
dev-stack.io,269000,2022-10-22
donate.org,403000,2022-10-22
my-sns.com,573000,2022-10-22
my-shopping.com,1514000,2022-10-22
style-share.ai,584000,2022-10-22
game-comm.net,665000,2022-10-23
weather-info.co.kr,233000,2022-10-23
style-share.ai,607000,2022-10-23
dev-stack.io,496000,2022-10-23
donate.org,152000,2022-10-23
my-sns.com,1710000,2022-10-23
my-shopping.com,620000,2022-10-23
style-share.ai,715000,2022-10-23
game-comm.net,264000,2022-10-24
weather-info.co.kr,511000,2022-10-24
style-share.ai,378000,2022-10-24
dev-stack.io,220000,2022-10-24
donate.org,956000,2022-10-24
my-sns.com,858000,2022-10-24
my-shopping.com,1445000,2022-10-24
style-share.ai,1645000,2022-10-24
game-comm.net,167000,2022-10-25
weather-info.co.kr,987000,2022-10-25
style-share.ai,122000,2022-10-25
dev-stack.io,828000,2022-10-25
donate.org,622000,2022-10-25
my-sns.com,282000,2022-10-25
my-shopping.com,681000,2022-10-25
style-share.ai,853000,2022-10-25
game-comm.net,543000,2022-10-26
weather-info.co.kr,442000,2022-10-26
style-share.ai,141000,2022-10-26
dev-stack.io,435000,2022-10-26
donate.org,995000,2022-10-26
my-sns.com,371000,2022-10-26
my-shopping.com,202000,2022-10-26
style-share.ai,839000,2022-10-26
game-comm.net,519000,2022-10-27
weather-info.co.kr,528000,2022-10-27
style-share.ai,411000,2022-10-27
dev-stack.io,447000,2022-10-27
donate.org,237000,2022-10-27
my-sns.com,1129000,2022-10-27
my-shopping.com,413000,2022-10-27
style-share.ai,192000,2022-10-27
game-comm.net,421000,2022-10-28
weather-info.co.kr,631000,2022-10-28
style-share.ai,262000,2022-10-28
dev-stack.io,907000,2022-10-28
donate.org,845000,2022-10-28
my-sns.com,1427000,2022-10-28
my-shopping.com,579000,2022-10-28
style-share.ai,963000,2022-10-28
game-comm.net,747000,2022-10-29
weather-info.co.kr,119000,2022-10-29
style-share.ai,212000,2022-10-29
dev-stack.io,893000,2022-10-29
donate.org,813000,2022-10-29
my-sns.com,965000,2022-10-29
my-shopping.com,908000,2022-10-29
style-share.ai,1648000,2022-10-29
game-comm.net,250000,2022-10-30
weather-info.co.kr,617000,2022-10-30
style-share.ai,1381000,2022-10-30
dev-stack.io,591000,2022-10-30
donate.org,501000,2022-10-30
my-sns.com,152000,2022-10-30
my-shopping.com,446000,2022-10-30
style-share.ai,605000,2022-10-30
game-comm.net,494000,2022-10-31
weather-info.co.kr,1374000,2022-10-31
style-share.ai,593000,2022-10-31
dev-stack.io,567000,2022-10-31
donate.org,500000,2022-10-31
my-sns.com,577000,2022-10-31
my-shopping.com,705000,2022-10-31
style-share.ai,849000,2022-10-31
game-comm.net,944000,2022-11-01
weather-info.co.kr,519000,2022-11-01
style-share.ai,958000,2022-11-01
dev-stack.io,232000,2022-11-01
donate.org,338000,2022-11-01
my-sns.com,408000,2022-11-01
my-shopping.com,966000,2022-11-01
style-share.ai,568000,2022-11-01
game-comm.net,106000,2022-11-02
weather-info.co.kr,142000,2022-11-02
style-share.ai,823000,2022-11-02
dev-stack.io,1479000,2022-11-02
donate.org,669000,2022-11-02
my-sns.com,533000,2022-11-02
my-shopping.com,469000,2022-11-02
style-share.ai,114000,2022-11-02
game-comm.net,805000,2022-11-03
weather-info.co.kr,786000,2022-11-03
style-share.ai,708000,2022-11-03
dev-stack.io,422000,2022-11-03
donate.org,724000,2022-11-03
my-sns.com,804000,2022-11-03
my-shopping.com,602000,2022-11-03
style-share.ai,214000,2022-11-03
game-comm.net,552000,2022-11-04
weather-info.co.kr,878000,2022-11-04
style-share.ai,1991000,2022-11-04
dev-stack.io,998000,2022-11-04
donate.org,1964000,2022-11-04
my-sns.com,267000,2022-11-04
my-shopping.com,769000,2022-11-04
style-share.ai,1533000,2022-11-04
game-comm.net,246000,2022-11-05
weather-info.co.kr,306000,2022-11-05
style-share.ai,282000,2022-11-05
dev-stack.io,635000,2022-11-05
donate.org,382000,2022-11-05
my-sns.com,951000,2022-11-05
my-shopping.com,977000,2022-11-05
style-share.ai,457000,2022-11-05
game-comm.net,659000,2022-11-06
weather-info.co.kr,1626000,2022-11-06
style-share.ai,395000,2022-11-06
dev-stack.io,1883000,2022-11-06
donate.org,382000,2022-11-06
my-sns.com,409000,2022-11-06
my-shopping.com,956000,2022-11-06
style-share.ai,1678000,2022-11-06
